model,question_id,question,reference,generated,inference_time_s
DistilGPT2,1,What is the purpose of the Nmfaf_3daDataManagement_Deconfigure service operation? [3GPP Release 18],option 2: To configure the MFAF to stop mapping data or analytics received by the MFAF to out-bound notification endpoints. The Nmfaf_3daDataManagement_Deconfigure service operation is used to stop mapping data or analytics received by the MFAF to one or more out-bound notification endpoints.,What is the purpose of the Nmfaf_3daDataManagement_Deconfigure service operation? [3GPP Release 18] Answer: What is the purpose of the Nmfaf_3daDataManagement_Deconfigure service operation? [3GPP Release 18] Answer: What is the purpose of the Nmfaf_3daDataManagement_Deconfigure service operation? [3GPP Release 18] Answer: What is the purpose of the N,6.99
DistilGPT2,2,How does a supporting UE attach to the same core network operator from which it detached in a shared network? [3GPP Release 17],option 2: It uses information stored in the UE when it was detached.. A supporting UE in a shared network attaches to the same core network operator it detached from by using information stored in the UE when it was detached.,How does a supporting UE attach to the same core network operator from which it detached in a shared network? [3GPP Release 17] Answer: How does a supporting UE attach to the same core network operator from which it detached in a shared network? [3GPP Release 17] Answer: How does a supporting UE attach to the same core network operator from which it detached in a shared network? [3GPP Release 17] Answer: How does a supporting UE attach to the same core,6.21
DistilGPT2,3,When can the setting of the Privacy exception list be changed? [3GPP Release 17],option 3: Anytime. The setting of the Privacy exception list can be changed anytime.,When can the setting of the Privacy exception list be changed? [3GPP Release 17] Answer: When can the setting of the Privacy exception list be changed? [3GPP Release 17] Answer: When can the setting of the Privacy exception list be changed? [3GPP Release 17] Answer: When can the setting of the Privacy exception list be changed? [3GPP Release 17] Answer: When can the setting of the Privacy exception list be changed? [3GPP,5.47
DistilGPT2,4,What does the NEF notify to the AF after determining the suitable DNAI(s)? [3GPP Release 18],"option 4: DNAI(s) or the updated DNAI information. After determining the suitable DNAI(s), NEF notifies the DNAI(s) or the updated DNAI information to AF.",What does the NEF notify to the AF after determining the suitable DNAI(s)? [3GPP Release 18] Answer: What does the NEF notify to the AF after determining the suitable DNAI(s)? [3GPP Release 18] Answer: What does the NEF notify to the AF after determining the suitable DNAI(s)? [3GPP Release 18] Answer: What does the NEF notify to the AF after determining the suitable DNAI(s)? [,5.52
DistilGPT2,5,"In online charging, how are chargeable events transformed into charging events? [3GPP Release 18]",option 2: By the OCF. The CTF transforms each chargeable event into a charging event and forwards these charging events to the OCF in real-time.,"In online charging, how are chargeable events transformed into charging events? [3GPP Release 18] Answer: In online charging, how are chargeable events transformed into charging events? [3GPP Release 18] Answer: In online charging, how are chargeable events transformed into charging events? [3GPP Release 18] Answer: In online charging, how are chargeable events transformed into charging events? [3GPP Release 18] Answer: In online charging, how are chargeable",5.54
DistilGPT2,6,What is the purpose of the PSFCH channel in NR V2X sidelink? [3GPP Release 16],option 2: To transmit HARQ feedback for unicast and groupcast. The PSFCH channel in NR V2X sidelink is used to transmit sidelink HARQ feedback for unicast and groupcast services. It provides feedback on the success or failure of the whole transport block and triggers for channel state information (CSI) feedback.,What is the purpose of the PSFCH channel in NR V2X sidelink? [3GPP Release 16] Answer: What is the purpose of the PSFCH channel in NR V2X sidelink? [3GPP Release 16] Answer: What is the purpose of the PSFCH channel in NR V2X sidelink? [3GPP Release 16] Answer: What is the purpose of the PSFCH channel in NR V2X sidelink? [,5.69
DistilGPT2,7,Which feature proposes to integrate selected WLAN direct discovery technologies as an alternative technology for ProSe Direct Discovery? [3GPP Release 15],option 4: WLAN Offloading System. The feature that proposes to integrate selected WLAN direct discovery technologies as an alternative technology for ProSe Direct Discovery is the WLAN Offloading System.,What features would be required to integrate WLAN Direct Discovery technologies into ProSe Direct Discovery? [3GPP Release 15] Answer: What features would be required to integrate WLAN Direct Discovery technologies into ProSe Direct Discovery? [3GPP Release 15] Answer: What features would be required to integrate WLAN Direct Discovery technologies into ProSe Direct Discovery? [3GPP Release 15] Answer: What features would be required to integrate WLAN Direct Discovery technologies into ProSe Direct Discovery? [,5.76
DistilGPT2,8,When can there be two N3 tunnel terminations at the RAN for a PDU Session? [3GPP Release 18],"option 2: When the QoS Flows of the PDU Session are split across the two RATs. If the DL User Plane traffic of some QoS Flows of a PDU Session are directed to the Secondary RAN Node while the remaining QoS Flows are directed to the Master RAN Node, there will be two N3 tunnel terminations at the RAN for such PDU Session.",When can there be two N3 tunnel terminations at the RAN for a PDU Session? [3GPP Release 18] Answer: When can there be two N3 tunnel terminations at the RAN for a PDU Session? [3GPP Release 18] Answer: When can there be two N3 tunnel terminations at the RAN for a PDU Session? [3GPP Release 18] Answer: When can there be two N3 tunnel terminations at the R,5.94
DistilGPT2,9,Which NGAP procedure is used for inter-system load balancing? [3GPP Release 17],option 3: Uplink RAN Configuration Transfer. The NGAP procedure used for inter-system load balancing is Uplink RAN Configuration Transfer.,Which NGAP procedure is used for inter-system load balancing? [3GPP Release 17] Answer: Which NGAP procedure is used for inter-system load balancing? [3GPP Release 17] Answer: Which NGAP procedure is used for inter-system load balancing? [3GPP Release 17] Answer: Which NGAP procedure is used for inter-system load balancing? [3GPP Release 17] Answer: Which NGAP procedure is used for inter-system load balancing,5.89
DistilGPT2,10,What is the purpose of the Validity Period for predictions? [3GPP Release 18],option 4: To define the time window. The Validity Period for predictions is used to define the time window for which the predictions are valid.,What is the purpose of the Validity Period for predictions? [3GPP Release 18] Answer: What is the purpose of the Validity Period for predictions? [3GPP Release 18] Answer: What is the purpose of the Validity Period for predictions? [3GPP Release 18] Answer: What is the purpose of the Validity Period for predictions? [3GPP Release 18] Answer: What is the purpose of the Validity Period for predictions? [3GPP,6.05
GPT2-Small,1,What is the purpose of the Nmfaf_3daDataManagement_Deconfigure service operation? [3GPP Release 18],option 2: To configure the MFAF to stop mapping data or analytics received by the MFAF to out-bound notification endpoints. The Nmfaf_3daDataManagement_Deconfigure service operation is used to stop mapping data or analytics received by the MFAF to one or more out-bound notification endpoints.,"The Nmfaf_3daDataManagement_Deconfigure service operation is a service that provides the following services:

The Nmfaf_3daDataManagement_Deconfigure service is a service that provides the following services:

The Nmfaf_3daDataManagement_Deconfigure service is a service that provides the following services:

The Nmfaf_3daDataManagement_Deconfigure service is a service that provides the",9.87
GPT2-Small,2,How does a supporting UE attach to the same core network operator from which it detached in a shared network? [3GPP Release 17],option 2: It uses information stored in the UE when it was detached.. A supporting UE in a shared network attaches to the same core network operator it detached from by using information stored in the UE when it was detached.,The UE is attached to the same core network operator from which it detached in a shared network. The UE is not attached to the same core network operator from which it detached in a shared network. The UE is not attached to the same core network operator from which it detached in a shared network. The UE is not attached to the same core network operator from which it detached in a shared network. The UE is not attached to the same core network operator from which it detached in a shared network. The,11.7
GPT2-Small,3,When can the setting of the Privacy exception list be changed? [3GPP Release 17],option 3: Anytime. The setting of the Privacy exception list can be changed anytime.,The Privacy exception list is updated every 5 years. The Privacy exception list is updated every 5 years. The Privacy exception list is updated every 5 years. The Privacy exception list is updated every 5 years. The Privacy exception list is updated every 5 years. The Privacy exception list is updated every 5 years. The Privacy exception list is updated every 5 years. The Privacy exception list is updated every 5 years. The Privacy exception list is updated every 5 years. The Privacy exception list is updated every 5 years.,16.42
GPT2-Small,4,What does the NEF notify to the AF after determining the suitable DNAI(s)? [3GPP Release 18],"option 4: DNAI(s) or the updated DNAI information. After determining the suitable DNAI(s), NEF notifies the DNAI(s) or the updated DNAI information to AF.",The NEF will notify the AF of the DNAI(s) that are not suitable for use in the DNAI(s) that are not suitable for use in the DNAI(s). The NEF will also notify the AF of the DNAI(s) that are not suitable for use in the DNAI(s). The NEF will also notify the AF of the DNAI(s) that are not suitable for use in the DNAI(s). The NEF will,13.44
GPT2-Small,5,"In online charging, how are chargeable events transformed into charging events? [3GPP Release 18]",option 2: By the OCF. The CTF transforms each chargeable event into a charging event and forwards these charging events to the OCF in real-time.,"In online charging, how are chargeable events transformed into charging events? [3GPP Release 18]

 In online charging, how are chargeable events transformed into charging events? [3GPP Release 18]

3GPP Expert Answer — Question: In online charging, how are chargeable events transformed into charging events? [",13.81
GPT2-Small,6,What is the purpose of the PSFCH channel in NR V2X sidelink? [3GPP Release 16],option 2: To transmit HARQ feedback for unicast and groupcast. The PSFCH channel in NR V2X sidelink is used to transmit sidelink HARQ feedback for unicast and groupcast services. It provides feedback on the success or failure of the whole transport block and triggers for channel state information (CSI) feedback.,The purpose of the PSFCH channel in NR V2X sidelink is to provide a reliable and reliable service to the public. The PSFCH channel is a channel that is used to provide a reliable service to the public. The PSFCH channel is a channel that is used to provide a reliable service to the public. The PSFCH channel is a channel that is used to provide a reliable service to the public. The PSFCH channel is a channel that is used to provide,13.39
GPT2-Small,7,Which feature proposes to integrate selected WLAN direct discovery technologies as an alternative technology for ProSe Direct Discovery? [3GPP Release 15],option 4: WLAN Offloading System. The feature that proposes to integrate selected WLAN direct discovery technologies as an alternative technology for ProSe Direct Discovery is the WLAN Offloading System.,The WLAN Direct Discovery technology is a new technology that is designed to enable the use of WLAN Direct Discovery technology in the ProSe Direct Discovery system. The WLAN Direct Discovery technology is a new technology that is designed to enable the use of WLAN Direct Discovery technology in the ProSe Direct Discovery system. The WLAN Direct Discovery technology is a new technology that is designed to enable the use of WLAN Direct Discovery technology in the ProSe Direct Discovery system. The WLAN Direct Discovery technology is,12.48
GPT2-Small,8,When can there be two N3 tunnel terminations at the RAN for a PDU Session? [3GPP Release 18],"option 2: When the QoS Flows of the PDU Session are split across the two RATs. If the DL User Plane traffic of some QoS Flows of a PDU Session are directed to the Secondary RAN Node while the remaining QoS Flows are directed to the Master RAN Node, there will be two N3 tunnel terminations at the RAN for such PDU Session.",The RAN is open to all. The RAN is open to all. The RAN is open to all. The RAN is open to all. The RAN is open to all. The RAN is open to all. The RAN is open to all. The RAN is open to all. The RAN is open to all. The RAN is open to all. The RAN is open to all. The RAN is open to all. The RAN is,11.85
GPT2-Small,9,Which NGAP procedure is used for inter-system load balancing? [3GPP Release 17],option 3: Uplink RAN Configuration Transfer. The NGAP procedure used for inter-system load balancing is Uplink RAN Configuration Transfer.,The NGAP procedure is used for inter-system load balancing. The NGAP procedure is used to determine the optimal load balancing procedure for the system. The NGAP procedure is used to determine the optimal load balancing procedure for the system. The NGAP procedure is used to determine the optimal load balancing procedure for the system. The NGAP procedure is used to determine the optimal load balancing procedure for the system. The NGAP procedure is used to determine the optimal load balancing procedure for the system. The NG,11.78
GPT2-Small,10,What is the purpose of the Validity Period for predictions? [3GPP Release 18],option 4: To define the time window. The Validity Period for predictions is used to define the time window for which the predictions are valid.,The Validity Period for predictions is the period from the date of the first publication of the prediction to the date of the last publication. The Validity Period is the period from the date of the first publication of the prediction to the date of the last publication. The Validity Period is the period from the date of the first publication of the prediction to the date of the last publication. The Validity Period is the period from the date of the first publication of the prediction to the date of the last,10.97
GPT2-Medium,1,What is the purpose of the Nmfaf_3daDataManagement_Deconfigure service operation? [3GPP Release 18],option 2: To configure the MFAF to stop mapping data or analytics received by the MFAF to out-bound notification endpoints. The Nmfaf_3daDataManagement_Deconfigure service operation is used to stop mapping data or analytics received by the MFAF to one or more out-bound notification endpoints.,The purpose of the Nmfaf_3daDataManagement_Deconfigure service operation is to perform a data management operation on the Nmfaf_3daDataManagement_Deconfigure service object. The Nmfaf_3daDataManagement_Deconfigure service object is a service object that is used to perform data management operations on the Nmfaf_3daDataManagement_Deconfigure service object. The Nmfaf_3daDataManagement,29.65
GPT2-Medium,2,How does a supporting UE attach to the same core network operator from which it detached in a shared network? [3GPP Release 17],option 2: It uses information stored in the UE when it was detached.. A supporting UE in a shared network attaches to the same core network operator it detached from by using information stored in the UE when it was detached.,The UE can attach to the same network operator as long as it is attached to the same network operator. [3GPP Release 17] Answer: The UE can attach to the same network operator as long as it is attached to the same network operator. [3GPP Release 17] Answer: The UE can attach to the same network operator as long as it is attached to the same network operator. [3GPP Release 17] Answer: The UE can attach to the same network operator as,29.1
GPT2-Medium,3,When can the setting of the Privacy exception list be changed? [3GPP Release 17],option 3: Anytime. The setting of the Privacy exception list can be changed anytime.,"The Privacy exception list can be changed at any time. The Privacy exception list is set to expire on December 31, 2017.

Question: When can the setting of the Privacy exception list be changed? [3GPP Release 17] Answer: The Privacy exception list can be changed at any time. The Privacy exception list is set to expire on December 31, 2017. Question: When can the setting of the Privacy exception list be changed? [3GPP Release 17] Answer: The Privacy",26.86
GPT2-Medium,4,What does the NEF notify to the AF after determining the suitable DNAI(s)? [3GPP Release 18],"option 4: DNAI(s) or the updated DNAI information. After determining the suitable DNAI(s), NEF notifies the DNAI(s) or the updated DNAI information to AF.",The NEF will notify the AF of the DNAI(s) that are suitable for the AF to use. The NEF will also notify the AF of any other DNAI(s) that are suitable for the AF to use. The NEF will also notify the AF of any other DNAI(s) that are not suitable for the AF to use. The NEF will also notify the AF of any other DNAI(s) that are not suitable for the AF to use.,24.58
GPT2-Medium,5,"In online charging, how are chargeable events transformed into charging events? [3GPP Release 18]",option 2: By the OCF. The CTF transforms each chargeable event into a charging event and forwards these charging events to the OCF in real-time.,"In online charging, the chargeable event is transformed into the charging event. The chargeable event is the event that is charged by the device. The chargeable event is the event that is charged by the device. The chargeable event is the event that is charged by the device. The chargeable event is the event that is charged by the device. The chargeable event is the event that is charged by the device. The chargeable event is the event that is charged by the device. The",24.5
GPT2-Medium,6,What is the purpose of the PSFCH channel in NR V2X sidelink? [3GPP Release 16],option 2: To transmit HARQ feedback for unicast and groupcast. The PSFCH channel in NR V2X sidelink is used to transmit sidelink HARQ feedback for unicast and groupcast services. It provides feedback on the success or failure of the whole transport block and triggers for channel state information (CSI) feedback.,The purpose of the PSFCH channel is to provide a means for the PSFCH to communicate with the PSFCH-enabled device. The PSFCH-enabled device can then use the PSFCH channel to communicate with the PSFCH-enabled device. The PSFCH-enabled device can then use the PSFCH channel to communicate with the PSFCH-enabled device. The PSFCH-enabled device can then use the PSFCH channel to communicate with the,38.49
GPT2-Medium,7,Which feature proposes to integrate selected WLAN direct discovery technologies as an alternative technology for ProSe Direct Discovery? [3GPP Release 15],option 4: WLAN Offloading System. The feature that proposes to integrate selected WLAN direct discovery technologies as an alternative technology for ProSe Direct Discovery is the WLAN Offloading System.,The WLAN Direct Discovery feature is designed to provide a direct connection between the WLAN and the ProSe Direct Discovery device. The WLAN Direct Discovery feature is designed to provide a direct connection between the WLAN and the ProSe Direct Discovery device. The WLAN Direct Discovery feature is designed to provide a direct connection between the WLAN and the ProSe Direct Discovery device. The WLAN Direct Discovery feature is designed to provide a direct connection between the WLAN and the ProSe Direct Discovery device.,29.7
GPT2-Medium,8,When can there be two N3 tunnel terminations at the RAN for a PDU Session? [3GPP Release 18],"option 2: When the QoS Flows of the PDU Session are split across the two RATs. If the DL User Plane traffic of some QoS Flows of a PDU Session are directed to the Secondary RAN Node while the remaining QoS Flows are directed to the Master RAN Node, there will be two N3 tunnel terminations at the RAN for such PDU Session.","The RAN has determined that there are no two N3 tunnel terminations at the RAN for a PDU Session. The RAN has determined that there are two N3 tunnel terminations at the RAN for a PDU Session.

Question: When can there be two N3 tunnel terminations at the RAN for a PDU Session? [3GPP Release 19] Answer: The RAN has determined that there are no two N3 tunnel terminations at the R",39.0
GPT2-Medium,9,Which NGAP procedure is used for inter-system load balancing? [3GPP Release 17],option 3: Uplink RAN Configuration Transfer. The NGAP procedure used for inter-system load balancing is Uplink RAN Configuration Transfer.,The inter-system load balancing (ISL) protocol is used for inter-system load balancing. The ISL protocol is used for inter-system load balancing. The ISL protocol is used for inter-system load balancing. The ISL protocol is used for inter-system load balancing. The ISL protocol is used for inter-system load balancing. The ISL protocol is used for inter-system load balancing. The ISL protocol is used for inter-system load balancing. The IS,43.08
GPT2-Medium,10,What is the purpose of the Validity Period for predictions? [3GPP Release 18],option 4: To define the time window. The Validity Period for predictions is used to define the time window for which the predictions are valid.,"The Validity Period is a period of time during which the Validity Period is not valid. The Validity Period is a period of time during which the Validity Period is not valid.

Question: What is the purpose of the Validity Period for predictions? [3GPP Release 19] Answer: The Validity Period is a period of time during which the Validity Period is not valid. The Validity Period is a period of time during which the Validity Period is not valid",35.94
